1,LazyLizard,,,0,1,Chip,,,0,1,RyanMehalic,,,0,1,Jandalf,,,0,
2,Poi,,,0,2,Kapu,,,0,2,lenndoli,,,0,2,MackanRules,,,0,
3,meow,,,0,3,animal,,,0,3,Secno,,,0,3,Handford,,,0,
4,boykisser5001,,,0,4,DarthPlague,,,0,4,River,,,0,4,Guanium,,,0,
5,MABO YT,,,0,5,4thGang,,,0,5,Katabu,,,0,5,Fraise Tagada,,,0,
6,player_0,,,0,6,mdrouge,,,0,6,Spacecat23,,,0,6,Dollar $ign,,,0,
7,philia093,,,0,7,Lokesh,,,0,7,Num1208,,,0,7,Rubikscuber,,,0,
8,Faffanier,,,0,8,Angelos,,,0,8,Dongyunboffin,,,0,8,ImAStupidBunny,,,0,
9,Barbitos,,,0,9,Main,,,0,9,Rain,,,0,9,Mayo,,,0,
10,mrqfish,,,0,10,SecretIdentity,,,0,10,Yago03,,,0,10,Mostafa,,,0,
11,TRB_Keks,,,0,11,Alch,,,0,11,Lewok,,,0,11,Droopy,,,0,
12,MrPietrek,,,0,12,ForgeOfTheBall,,,0,12,Siy,,,0,12,Yoboi3li,,,0,
13,Express,,,0,13,Maud B,,,0,13,steamyapplepi,,,0,13,nomoustacheman,,,0,
14,Cat Detective,,,0,14,Fireblade,,,0,14,Geshem8,,,0,14,Sesteri,,,0,
15,Miro,,,0,15,Rockmyzombie,,,0,15,ISAB,,,0,15,Maxaminion03,,,0,
16,Zeppop,,,0,16,kduel1,,,0,16,Gerhard,,,0,16,elukaa,,,0,
17,tramway,,,0,17,Ambrou,,,0,17,Benba,,,0,17,SupremeAvocado,,,0,
18,giorno giovanni,,,0,18,Atomic_Muffin,,,0,18,Bfrbison,,,0,18,cheese.c,,,0,
19,CheetRD,,,0,19,Viridian,,,0,19,NekoLapis,,,0,19,Gamer101,,,0,
20,Battery,,,0,20,Kameron Bates,,,0,20,Nstra0,,,0,20,VikKing,,,0,
21,mD3s,,,0,21,Cold Beans,,,0,21,Fire Ninja 44,,,0,21,nudzimisie,,,0,
22,Oskiboski8,,,0,22,Urre,,,0,22,Mona,,,0,22,Tree,,,0,
23,Trashii,,,0,23,Jakilip,,,0,23,Primary,,,0,23,jswizzle,,,0,
24,Elasticmango,,,0,24,BloonsRanked,,,0,24,SammyTrampie,,,0,24,Fierstorm,,,0,